datetime,brand,penjualan,harga_pertamax,kebijakan_ppn_dtp
01-01-2021,HYUNDAI HMID,46,9.000,0
01-02-2021,HYUNDAI HMID,124,9.000,0
01-02-2021,LEXUS,1,9.000,0
01-03-2021,HYUNDAI HMID,67,9.000,0
01-03-2021,LEXUS,1,9.000,0
01-04-2021,HYUNDAI HMID,96,9.000,0
01-04-2021,LEXUS,1,9.000,0
01-05-2021,HYUNDAI HMID,57,9.000,0
01-05-2021,LEXUS,0,9.000,0
01-06-2021,HYUNDAI HMID,64,9.000,0
01-06-2021,LEXUS,5,9.000,0
01-07-2021,HYUNDAI HMID,39,9.000,0
01-07-2021,LEXUS,3,9.000,0
01-07-2021,NISSAN,3,9.000,0
01-08-2021,HYUNDAI HMID,18,9.000,0
01-08-2021,LEXUS,3,9.000,0
01-08-2021,NISSAN,15,9.000,0
01-09-2021,HYUNDAI HMID,31,9.000,0
01-09-2021,LEXUS,6,9.000,0
01-09-2021,NISSAN,2,9.000,0
01-10-2021,HYUNDAI HMID,35,9.000,0
01-10-2021,LEXUS,2,9.000,0
01-10-2021,NISSAN,6,9.000,0
01-11-2021,HYUNDAI HMID,8,9.000,0
01-11-2021,LEXUS,3,9.000,0
01-11-2021,NISSAN,8,9.000,0
01-12-2021,HYUNDAI HMID,3,9.000,0
01-12-2021,LEXUS,1,9.000,0
01-12-2021,NISSAN,8,9.000,0
01-01-2022,HYUNDAI HMID,35,9.000,0
01-01-2022,LEXUS,0,9.000,0
01-01-2022,NISSAN,1,9.000,0
01-02-2022,HYUNDAI HMID,3,9.000,0
01-02-2022,LEXUS,0,9.000,0
01-02-2022,NISSAN,6,9.000,0
01-03-2022,HYUNDAI HMID,7,9.000,0
01-03-2022,LEXUS,1,9.000,0
01-03-2022,NISSAN,9,9.000,0
01-04-2022,HYUNDAI HMID,92,12.500,0
01-04-2022,LEXUS,1,12.500,0
01-04-2022,NISSAN,6,12.500,0
01-05-2022,HYUNDAI HMID,196,12.500,0
01-05-2022,LEXUS,2,12.500,0
01-05-2022,NISSAN,2,12.500,0
01-06-2022,HYUNDAI HMID,121,12.500,0
01-06-2022,LEXUS,0,12.500,0
01-06-2022,NISSAN,7,12.500,0
01-07-2022,HYUNDAI HMID,117,12.500,0
01-07-2022,LEXUS,0,12.500,0
01-07-2022,NISSAN,0,12.500,0
01-08-2022,HYUNDAI HMID,190,12.500,0
01-08-2022,LEXUS,4,12.500,0
01-08-2022,NISSAN,0,12.500,0
01-08-2022,MINI,9,12.500,0
01-08-2022,WULING,821,12.500,0
01-09-2022,HYUNDAI HMID,261,12.500,0
01-09-2022,LEXUS,0,12.500,0
01-09-2022,NISSAN,1,12.500,0
01-09-2022,MINI,4,12.500,0
01-09-2022,WULING,1887,12.500,0
01-10-2022,HYUNDAI HMID,523,13.900,0
01-10-2022,LEXUS,5,13.900,0
01-10-2022,NISSAN,0,13.900,0
01-10-2022,MINI,0,13.900,0
01-10-2022,WULING,1629,13.900,0
01-11-2022,HYUNDAI HMID,316,13.900,0
01-11-2022,LEXUS,29,13.900,0
01-11-2022,NISSAN,20,13.900,0
01-11-2022,MINI,13,13.900,0
01-11-2022,WULING,1584,13.900,0
01-12-2022,HYUNDAI HMID,167,13.900,0
01-12-2022,LEXUS,85,13.900,0
01-12-2022,NISSAN,11,13.900,0
01-12-2022,MINI,6,13.900,0
01-12-2022,WULING,2132,13.900,0
01-01-2023,HYUNDAI HMID,234,12.800,0
01-01-2023,LEXUS,18,12.800,0
01-01-2023,NISSAN,4,12.800,0
01-01-2023,MINI,0,12.800,0
01-01-2023,WULING,35,12.800,0
01-01-2023,TOYOTA,7,12.800,0
01-02-2023,HYUNDAI HMID,213,12.800,0
01-02-2023,LEXUS,1,12.800,0
01-02-2023,NISSAN,21,12.800,0
01-02-2023,MINI,0,12.800,0
01-02-2023,WULING,83,12.800,0
01-02-2023,TOYOTA,57,12.800,0
01-02-2023,MERCEDES-BENZ PC,3,12.800,0
01-03-2023,HYUNDAI HMID,592,13.300,0
01-03-2023,LEXUS,9,13.300,0
01-03-2023,NISSAN,1,13.300,0
01-03-2023,MINI,17,13.300,0
01-03-2023,WULING,421,13.300,0
01-03-2023,TOYOTA,0,13.300,0
01-03-2023,MERCEDES-BENZ PC,10,13.300,0
01-03-2023,BMW,30,13.300,0
01-03-2023,KIA,12,13.300,0
01-04-2023,HYUNDAI HMID,716,13.300,1
01-04-2023,LEXUS,2,13.300,1
01-04-2023,NISSAN,9,13.300,1
01-04-2023,MINI,6,13.300,1
01-04-2023,WULING,450,13.300,1
01-04-2023,TOYOTA,0,13.300,1
01-04-2023,MERCEDES-BENZ PC,11,13.300,1
01-04-2023,BMW,69,13.300,1
01-04-2023,KIA,8,13.300,1
01-05-2023,HYUNDAI HMID,919,13.300,1
01-05-2023,LEXUS,1,13.300,1
01-05-2023,NISSAN,10,13.300,1
01-05-2023,MINI,14,13.300,1
01-05-2023,WULING,455,13.300,1
01-05-2023,TOYOTA,47,13.300,1
01-05-2023,MERCEDES-BENZ PC,29,13.300,1
01-05-2023,BMW,74,13.300,1
01-05-2023,KIA,2,13.300,1
01-06-2023,HYUNDAI HMID,870,12.400,1
01-06-2023,LEXUS,6,12.400,1
01-06-2023,NISSAN,16,12.400,1
01-06-2023,MINI,2,12.400,1
01-06-2023,WULING,207,12.400,1
01-06-2023,TOYOTA,44,12.400,1
01-06-2023,MERCEDES-BENZ PC,13,12.400,1
01-06-2023,BMW,44,12.400,1
01-06-2023,KIA,0,12.400,1
01-07-2023,HYUNDAI HMID,369,12.400,1
01-07-2023,LEXUS,1,12.400,1
01-07-2023,NISSAN,2,12.400,1
01-07-2023,MINI,23,12.400,1
01-07-2023,WULING,293,12.400,1
01-07-2023,TOYOTA,207,12.400,1
01-07-2023,MERCEDES-BENZ PC,2,12.400,1
01-07-2023,BMW,101,12.400,1
01-07-2023,KIA,19,12.400,1
01-07-2023,MORRIS GARAGE,36,12.400,1
01-08-2023,HYUNDAI HMID,557,12.400,1
01-08-2023,LEXUS,72,12.400,1
01-08-2023,NISSAN,10,12.400,1
01-08-2023,MINI,20,12.400,1
01-08-2023,WULING,480,12.400,1
01-08-2023,TOYOTA,89,12.400,1
01-08-2023,MERCEDES-BENZ PC,27,12.400,1
01-08-2023,BMW,42,12.400,1
01-08-2023,KIA,1,12.400,1
01-08-2023,MORRIS GARAGE,16,12.400,1
01-09-2023,HYUNDAI HMID,803,13.300,1
01-09-2023,LEXUS,75,13.300,1
01-09-2023,NISSAN,0,13.300,1
01-09-2023,MINI,27,13.300,1
01-09-2023,WULING,805,13.300,1
01-09-2023,TOYOTA,20,13.300,1
01-09-2023,MERCEDES-BENZ PC,20,13.300,1
01-09-2023,BMW,138,13.300,1
01-09-2023,KIA,1,13.300,1
01-09-2023,MORRIS GARAGE,25,13.300,1
01-10-2023,HYUNDAI HMID,811,14.000,1
01-10-2023,LEXUS,12,14.000,1
01-10-2023,NISSAN,0,14.000,1
01-10-2023,MINI,10,14.000,1
01-10-2023,WULING,776,14.000,1
01-10-2023,TOYOTA,3,14.000,1
01-10-2023,MERCEDES-BENZ PC,37,14.000,1
01-10-2023,BMW,69,14.000,1
01-10-2023,KIA,7,14.000,1
01-10-2023,MORRIS GARAGE,4,14.000,1
01-11-2023,HYUNDAI HMID,752,13.400,1
01-11-2023,LEXUS,12,13.400,1
01-11-2023,NISSAN,0,13.400,1
01-11-2023,MINI,16,13.400,1
01-11-2023,WULING,779,13.400,1
01-11-2023,TOYOTA,2,13.400,1
01-11-2023,MERCEDES-BENZ PC,17,13.400,1
01-11-2023,BMW,134,13.400,1
01-11-2023,KIA,8,13.400,1
01-11-2023,MORRIS GARAGE,17,13.400,1
01-11-2023,SERES,67,13.400,1
01-11-2023,NETA,100,13.400,1
01-12-2023,HYUNDAI HMID,638,13.400,1
01-12-2023,LEXUS,27,13.400,1
01-12-2023,NISSAN,0,13.400,1
01-12-2023,MINI,50,13.400,1
01-12-2023,WULING,2184,13.400,1
01-12-2023,TOYOTA,3,13.400,1
01-12-2023,MERCEDES-BENZ PC,10,13.400,1
01-12-2023,BMW,98,13.400,1
01-12-2023,KIA,57,13.400,1
01-12-2023,MORRIS GARAGE,1,13.400,1
01-12-2023,SERES,44,13.400,1
01-12-2023,NETA,81,13.400,1
01-01-2024,HYUNDAI HMID,276,12.950,1
01-01-2024,LEXUS,1,12.950,1
01-01-2024,NISSAN,0,12.950,1
01-01-2024,MINI,2,12.950,1
01-01-2024,WULING,1882,12.950,1
01-01-2024,TOYOTA,2,12.950,1
01-01-2024,MERCEDES-BENZ PC,4,12.950,1
01-01-2024,BMW,25,12.950,1
01-01-2024,KIA,28,12.950,1
01-01-2024,MORRIS GARAGE,39,12.950,1
01-01-2024,SERES,27,12.950,1
01-01-2024,NETA,39,12.950,1
01-01-2024,VOLVO CARS,1,12.950,1
01-02-2024,HYUNDAI HMID,37,12.950,1
01-02-2024,LEXUS,0,12.950,1
01-02-2024,NISSAN,2,12.950,1
01-02-2024,MINI,3,12.950,1
01-02-2024,WULING,879,12.950,1
01-02-2024,TOYOTA,0,12.950,1
01-02-2024,MERCEDES-BENZ PC,8,12.950,1
01-02-2024,BMW,11,12.950,1
01-02-2024,KIA,10,12.950,1
01-02-2024,MORRIS GARAGE,184,12.950,1
01-02-2024,SERES,3,12.950,1
01-02-2024,NETA,20,12.950,1
01-02-2024,VOLVO CARS,1,12.950,1
01-02-2024,CHERY,273,12.950,1
01-03-2024,HYUNDAI HMID,94,12.950,1
01-03-2024,LEXUS,0,12.950,1
01-03-2024,NISSAN,2,12.950,1
01-03-2024,MINI,6,12.950,1
01-03-2024,WULING,1046,12.950,1
01-03-2024,TOYOTA,70,12.950,1
01-03-2024,MERCEDES-BENZ PC,7,12.950,1
01-03-2024,BMW,46,12.950,1
01-03-2024,KIA,21,12.950,1
01-03-2024,MORRIS GARAGE,277,12.950,1
01-03-2024,SERES,7,12.950,1
01-03-2024,NETA,10,12.950,1
01-03-2024,VOLVO CARS,4,12.950,1
01-03-2024,CHERY,608,12.950,1
01-04-2024,HYUNDAI HMID,54,12.950,1
01-04-2024,LEXUS,0,12.950,1
01-04-2024,NISSAN,0,12.950,1
01-04-2024,MINI,2,12.950,1
01-04-2024,WULING,1035,12.950,1
01-04-2024,TOYOTA,1,12.950,1
01-04-2024,MERCEDES-BENZ PC,2,12.950,1
01-04-2024,BMW,46,12.950,1
01-04-2024,KIA,10,12.950,1
01-04-2024,MORRIS GARAGE,259,12.950,1
01-04-2024,SERES,5,12.950,1
01-04-2024,NETA,0,12.950,1
01-04-2024,VOLVO CARS,6,12.950,1
01-04-2024,CHERY,410,12.950,1
01-05-2024,HYUNDAI HMID,67,12.950,1
01-05-2024,LEXUS,0,12.950,1
01-05-2024,NISSAN,1,12.950,1
01-05-2024,MINI,4,12.950,1
01-05-2024,WULING,626,12.950,1
01-05-2024,TOYOTA,1,12.950,1
01-05-2024,MERCEDES-BENZ PC,12,12.950,1
01-05-2024,BMW,75,12.950,1
01-05-2024,KIA,22,12.950,1
01-05-2024,MORRIS GARAGE,360,12.950,1
01-05-2024,SERES,16,12.950,1
01-05-2024,NETA,13,12.950,1
01-05-2024,VOLVO CARS,5,12.950,1
01-05-2024,CHERY,755,12.950,1
01-05-2024,CITROEN,30,12.950,1
01-06-2024,HYUNDAI HMID,179,12.950,1
01-06-2024,LEXUS,1,12.950,1
01-06-2024,NISSAN,0,12.950,1
01-06-2024,MINI,3,12.950,1
01-06-2024,WULING,742,12.950,1
01-06-2024,TOYOTA,12,12.950,1
01-06-2024,MERCEDES-BENZ PC,2,12.950,1
01-06-2024,BMW,62,12.950,1
01-06-2024,KIA,7,12.950,1
01-06-2024,MORRIS GARAGE,373,12.950,1
01-06-2024,SERES,14,12.950,1
01-06-2024,NETA,93,12.950,1
01-06-2024,VOLVO CARS,6,12.950,1
01-06-2024,CHERY,596,12.950,1
01-06-2024,CITROEN,101,12.950,1
01-06-2024,BYD,1596,12.950,1
01-07-2024,HYUNDAI HMID,379,12.950,1
01-07-2024,LEXUS,0,12.950,1
01-07-2024,NISSAN,0,12.950,1
01-07-2024,MINI,36,12.950,1
01-07-2024,WULING,883,12.950,1
01-07-2024,TOYOTA,2,12.950,1
01-07-2024,MERCEDES-BENZ PC,8,12.950,1
01-07-2024,BMW,50,12.950,1
01-07-2024,KIA,0,12.950,1
01-07-2024,MORRIS GARAGE,492,12.950,1
01-07-2024,SERES,0,12.950,1
01-07-2024,NETA,111,12.950,1
01-07-2024,VOLVO CARS,6,12.950,1
01-07-2024,CHERY,394,12.950,1
01-07-2024,CITROEN,35,12.950,1
01-07-2024,BYD,1925,12.950,1
01-08-2024,HYUNDAI HMID,367,12.950,1
01-08-2024,LEXUS,2,12.950,1
01-08-2024,NISSAN,0,12.950,1
01-08-2024,MINI,53,12.950,1
01-08-2024,WULING,877,12.950,1
01-08-2024,TOYOTA,32,12.950,1
01-08-2024,MERCEDES-BENZ PC,3,12.950,1
01-08-2024,BMW,53,12.950,1
01-08-2024,KIA,0,12.950,1
01-08-2024,MORRIS GARAGE,401,12.950,1
01-08-2024,SERES,0,12.950,1
01-08-2024,NETA,75,12.950,1
01-08-2024,VOLVO CARS,6,12.950,1
01-08-2024,CHERY,449,12.950,1
01-08-2024,CITROEN,29,12.950,1
01-08-2024,BYD,2940,12.950,1
01-09-2024,HYUNDAI HMID,284,12.950,1
01-09-2024,LEXUS,0,12.950,1
01-09-2024,NISSAN,0,12.950,1
01-09-2024,MINI,34,12.950,1
01-09-2024,WULING,1176,12.950,1
01-09-2024,TOYOTA,23,12.950,1
01-09-2024,MERCEDES-BENZ PC,2,12.950,1
01-09-2024,BMW,41,12.950,1
01-09-2024,KIA,0,12.950,1
01-09-2024,MORRIS GARAGE,321,12.950,1
01-09-2024,SERES,0,12.950,1
01-09-2024,NETA,102,12.950,1
01-09-2024,VOLVO CARS,3,12.950,1
01-09-2024,CHERY,206,12.950,1
01-09-2024,CITROEN,33,12.950,1
01-09-2024,BYD,2075,12.950,1
01-09-2024,AION,464,12.950,1
01-10-2024,HYUNDAI HMID,347,12.100,1
01-10-2024,LEXUS,0,12.100,1
01-10-2024,NISSAN,0,12.100,1
01-10-2024,MINI,24,12.100,1
01-10-2024,WULING,1079,12.100,1
01-10-2024,TOYOTA,22,12.100,1
01-10-2024,MERCEDES-BENZ PC,8,12.100,1
01-10-2024,BMW,55,12.100,1
01-10-2024,KIA,1,12.100,1
01-10-2024,MORRIS GARAGE,209,12.100,1
01-10-2024,SERES,0,12.100,1
01-10-2024,NETA,35,12.100,1
01-10-2024,VOLVO CARS,1,12.100,1
01-10-2024,CHERY,235,12.100,1
01-10-2024,CITROEN,41,12.100,1
01-10-2024,BYD,2488,12.100,1
01-10-2024,AION,178,12.100,1
01-11-2024,HYUNDAI HMID,462,12.100,1
01-11-2024,LEXUS,0,12.100,1
01-11-2024,NISSAN,0,12.100,1
01-11-2024,MINI,22,12.100,1
01-11-2024,WULING,1418,12.100,1
01-11-2024,TOYOTA,4,12.100,1
01-11-2024,MERCEDES-BENZ PC,2,12.100,1
01-11-2024,BMW,79,12.100,1
01-11-2024,KIA,0,12.100,1
01-11-2024,MORRIS GARAGE,157,12.100,1
01-11-2024,SERES,0,12.100,1
01-11-2024,NETA,57,12.100,1
01-11-2024,VOLVO CARS,9,12.100,1
01-11-2024,CHERY,403,12.100,1
01-11-2024,CITROEN,47,12.100,1
01-11-2024,BYD,2842,12.100,1
01-11-2024,AION,514,12.100,1
01-12-2024,HYUNDAI HMID,260,12.100,1
01-12-2024,LEXUS,0,12.100,1
01-12-2024,NISSAN,5,12.100,1
01-12-2024,MINI,23,12.100,1
01-12-2024,WULING,1474,12.100,1
01-12-2024,TOYOTA,33,12.100,1
01-12-2024,MERCEDES-BENZ PC,8,12.100,1
01-12-2024,BMW,136,12.100,1
01-12-2024,KIA,1,12.100,1
01-12-2024,MORRIS GARAGE,120,12.100,1
01-12-2024,SERES,15,12.100,1
01-12-2024,NETA,52,12.100,1
01-12-2024,VOLVO CARS,5,12.100,1
01-12-2024,CHERY,681,12.100,1
01-12-2024,CITROEN,45,12.100,1
01-12-2024,BYD,1563,12.100,1
01-12-2024,AION,84,12.100,1
01-01-2025,HYUNDAI HMID,92,12.500,1
01-01-2025,LEXUS,0,12.500,1
01-01-2025,NISSAN,0,12.500,1
01-01-2025,MINI,3,12.500,1
01-01-2025,WULING,339,12.500,1
01-01-2025,TOYOTA,4,12.500,1
01-01-2025,MERCEDES-BENZ PC,2,12.500,1
01-01-2025,BMW,20,12.500,1
01-01-2025,KIA,2,12.500,1
01-01-2025,MORRIS GARAGE,128,12.500,1
01-01-2025,SERES,6,12.500,1
01-01-2025,NETA,90,12.500,1
01-01-2025,VOLVO CARS,4,12.500,1
01-01-2025,CHERY,550,12.500,1
01-01-2025,CITROEN,36,12.500,1
01-01-2025,BYD,1114,12.500,1
01-01-2025,AION,83,12.500,1
01-01-2025,DENZA,25,12.500,1
01-01-2025,MAXUS,45,12.500,1
01-01-2025,VINFAST,18,12.500,1
01-02-2025,HYUNDAI HMID,224,12.900,1
01-02-2025,LEXUS,0,12.900,1
01-02-2025,NISSAN,0,12.900,1
01-02-2025,MINI,34,12.900,1
01-02-2025,WULING,1181,12.900,1
01-02-2025,TOYOTA,4,12.900,1
01-02-2025,MERCEDES-BENZ PC,5,12.900,1
01-02-2025,BMW,31,12.900,1
01-02-2025,KIA,4,12.900,1
01-02-2025,MORRIS GARAGE,220,12.900,1
01-02-2025,SERES,9,12.900,1
01-02-2025,NETA,53,12.900,1
01-02-2025,VOLVO CARS,5,12.900,1
01-02-2025,CHERY,821,12.900,1
01-02-2025,CITROEN,45,12.900,1
01-02-2025,BYD,1399,12.900,1
01-02-2025,AION,159,12.900,1
01-02-2025,DENZA,912,12.900,1
01-02-2025,MAXUS,13,12.900,1
01-02-2025,VINFAST,7,12.900,1
01-02-2025,GELLY,66,12.900,1
01-03-2025,HYUNDAI HMID,257,12.900,1
01-03-2025,LEXUS,0,12.900,1
01-03-2025,NISSAN,0,12.900,1
01-03-2025,MINI,8,12.900,1
01-03-2025,WULING,1205,12.900,1
01-03-2025,TOYOTA,1,12.900,1
01-03-2025,MERCEDES-BENZ PC,3,12.900,1
01-03-2025,BMW,25,12.900,1
01-03-2025,KIA,0,12.900,1
01-03-2025,MORRIS GARAGE,165,12.900,1
01-03-2025,SERES,8,12.900,1
01-03-2025,NETA,55,12.900,1
01-03-2025,VOLVO CARS,4,12.900,1
01-03-2025,CHERY,1094,12.900,1
01-03-2025,CITROEN,32,12.900,1
01-03-2025,BYD,3205,12.900,1
01-03-2025,AION,959,12.900,1
01-03-2025,DENZA,1587,12.900,1
01-03-2025,MAXUS,5,12.900,1
01-03-2025,VINFAST,288,12.900,1
01-03-2025,GELLY,176,12.900,1
01-03-2025,VOLKSW AGEN,15,12.900,1
01-04-2025,HYUNDAI HMID,77,12.500,1
01-04-2025,LEXUS,0,12.500,1
01-04-2025,NISSAN,0,12.500,1
01-04-2025,MINI,6,12.500,1
01-04-2025,WULING,962,12.500,1
01-04-2025,TOYOTA,0,12.500,1
01-04-2025,MERCEDES-BENZ PC,1,12.500,1
01-04-2025,BMW,17,12.500,1
01-04-2025,KIA,0,12.500,1
01-04-2025,MORRIS GARAGE,110,12.500,1
01-04-2025,SERES,15,12.500,1
01-04-2025,NETA,52,12.500,1
01-04-2025,VOLVO CARS,6,12.500,1
01-04-2025,CHERY,976,12.500,1
01-04-2025,CITROEN,26,12.500,1
01-04-2025,BYD,3496,12.500,1
01-04-2025,AION,362,12.500,1
01-04-2025,DENZA,811,12.500,1
01-04-2025,MAXUS,3,12.500,1
01-04-2025,VINFAST,1161,12.500,1
01-04-2025,GELLY,163,12.500,1
01-04-2025,VOLKSW AGEN,0,12.500,1
01-04-2025,HONDA,30,12.500,1
01-05-2025,HYUNDAI HMID,277,12.400,1
01-05-2025,LEXUS,0,12.400,1
01-05-2025,NISSAN,0,12.400,1
01-05-2025,MINI,10,12.400,1
01-05-2025,WULING,1048,12.400,1
01-05-2025,TOYOTA,0,12.400,1
01-05-2025,MERCEDES-BENZ PC,4,12.400,1
01-05-2025,BMW,12,12.400,1
01-05-2025,KIA,0,12.400,1
01-05-2025,MORRIS GARAGE,131,12.400,1
01-05-2025,SERES,20,12.400,1
01-05-2025,NETA,60,12.400,1
01-05-2025,VOLVO CARS,3,12.400,1
01-05-2025,CHERY,640,12.400,1
01-05-2025,CITROEN,27,12.400,1
01-05-2025,BYD,2799,12.400,1
01-05-2025,AION,282,12.400,1
01-05-2025,DENZA,630,12.400,1
01-05-2025,MAXUS,4,12.400,1
01-05-2025,VINFAST,231,12.400,1
01-05-2025,GELLY,227,12.400,1
01-05-2025,VOLKSW AGEN,55,12.400,1
01-05-2025,HONDA,6,12.400,1
01-06-2025,HYUNDAI HMID,17,12.100,1
01-06-2025,LEXUS,0,12.100,1
01-06-2025,NISSAN,0,12.100,1
01-06-2025,MINI,9,12.100,1
01-06-2025,WULING,435,12.100,1
01-06-2025,TOYOTA,9,12.100,1
01-06-2025,MERCEDES-BENZ PC,4,12.100,1
01-06-2025,BMW,12,12.100,1
01-06-2025,KIA,0,12.100,1
01-06-2025,MORRIS GARAGE,142,12.100,1
01-06-2025,SERES,15,12.100,1
01-06-2025,NETA,84,12.100,1
01-06-2025,VOLVO CARS,3,12.100,1
01-06-2025,CHERY,530,12.100,1
01-06-2025,CITROEN,27,12.100,1
01-06-2025,BYD,2079,12.100,1
01-06-2025,AION,860,12.100,1
01-06-2025,DENZA,1768,12.100,1
01-06-2025,MAXUS,0,12.100,1
01-06-2025,VINFAST,542,12.100,1
01-06-2025,GELLY,240,12.100,1
01-06-2025,VOLKSW AGEN,36,12.100,1
01-06-2025,HONDA,11,12.100,1
01-06-2025,GWM,10,12.100,1
01-07-2025,HYUNDAI HMID,34,12.500,1
01-07-2025,LEXUS,0,12.500,1
01-07-2025,NISSAN,0,12.500,1
01-07-2025,MINI,12,12.500,1
01-07-2025,WULING,1044,12.500,1
01-07-2025,TOYOTA,13,12.500,1
01-07-2025,MERCEDES-BENZ PC,4,12.500,1
01-07-2025,BMW,15,12.500,1
01-07-2025,KIA,0,12.500,1
01-07-2025,MORRIS GARAGE,116,12.500,1
01-07-2025,SERES,0,12.500,1
01-07-2025,NETA,39,12.500,1
01-07-2025,VOLVO CARS,4,12.500,1
01-07-2025,CHERY,585,12.500,1
01-07-2025,CITROEN,38,12.500,1
01-07-2025,BYD,2335,12.500,1
01-07-2025,AION,421,12.500,1
01-07-2025,DENZA,523,12.500,1
01-07-2025,MAXUS,16,12.500,1
01-07-2025,VINFAST,299,12.500,1
01-07-2025,GELLY,209,12.500,1
01-07-2025,VOLKSW AGEN,8,12.500,1
01-07-2025,HONDA,15,12.500,1
01-07-2025,GWM,0,12.500,1
01-07-2025,POLYTRON,21,12.500,1
01-07-2025,XPENG,70,12.500,1
01-08-2025,HYUNDAI HMID,134,12.200,1
01-08-2025,LEXUS,0,12.200,1
01-08-2025,NISSAN,0,12.200,1
01-08-2025,MINI,22,12.200,1
01-08-2025,WULING,1109,12.200,1
01-08-2025,TOYOTA,7,12.200,1
01-08-2025,MERCEDES-BENZ PC,5,12.200,1
01-08-2025,BMW,21,12.200,1
01-08-2025,KIA,0,12.200,1
01-08-2025,MORRIS GARAGE,100,12.200,1
01-08-2025,SERES,2,12.200,1
01-08-2025,NETA,33,12.200,1
01-08-2025,VOLVO CARS,10,12.200,1
01-08-2025,CHERY,521,12.200,1
01-08-2025,CITROEN,22,12.200,1
01-08-2025,BYD,2562,12.200,1
01-08-2025,AION,725,12.200,1
01-08-2025,DENZA,292,12.200,1
01-08-2025,MAXUS,12,12.200,1
01-08-2025,VINFAST,139,12.200,1
01-08-2025,GELLY,224,12.200,1
01-08-2025,VOLKSW AGEN,15,12.200,1
01-08-2025,HONDA,2,12.200,1
01-08-2025,GWM,164,12.200,1
01-08-2025,POLYTRON,21,12.200,1
01-08-2025,XPENG,177,12.200,1
01-09-2025,HYUNDAI HMID,52,12.200,1
01-09-2025,LEXUS,0,12.200,1
01-09-2025,NISSAN,0,12.200,1
01-09-2025,MINI,6,12.200,1
01-09-2025,WULING,1026,12.200,1
01-09-2025,TOYOTA,2,12.200,1
01-09-2025,MERCEDES-BENZ PC,3,12.200,1
01-09-2025,BMW,18,12.200,1
01-09-2025,KIA,0,12.200,1
01-09-2025,MORRIS GARAGE,11,12.200,1
01-09-2025,SERES,26,12.200,1
01-09-2025,NETA,21,12.200,1
01-09-2025,VOLVO CARS,6,12.200,1
01-09-2025,CHERY,453,12.200,1
01-09-2025,CITROEN,30,12.200,1
01-09-2025,BYD,1088,12.200,1
01-09-2025,AION,554,12.200,1
01-09-2025,DENZA,227,12.200,1
01-09-2025,MAXUS,54,12.200,1
01-09-2025,VINFAST,156,12.200,1
01-09-2025,GELLY,157,12.200,1
01-09-2025,VOLKSW AGEN,8,12.200,1
01-09-2025,HONDA,0,12.200,1
01-09-2025,GWM,60,12.200,1
01-09-2025,POLYTRON,50,12.200,1
01-09-2025,XPENG,91,12.200,1
01-10-2025,HYUNDAI HMID,129,12.200,1
01-10-2025,LEXUS,0,12.200,1
01-10-2025,NISSAN,0,12.200,1
01-10-2025,MINI,6,12.200,1
01-10-2025,WULING,1117,12.200,1
01-10-2025,TOYOTA,29,12.200,1
01-10-2025,MERCEDES-BENZ PC,1,12.200,1
01-10-2025,BMW,21,12.200,1
01-10-2025,KIA,0,12.200,1
01-10-2025,MORRIS GARAGE,19,12.200,1
01-10-2025,SERES,7,12.200,1
01-10-2025,NETA,55,12.200,1
01-10-2025,VOLVO CARS,4,12.200,1
01-10-2025,CHERY,535,12.200,1
01-10-2025,CITROEN,32,12.200,1
01-10-2025,BYD,10593,12.200,1
01-10-2025,AION,417,12.200,1
01-10-2025,DENZA,192,12.200,1
01-10-2025,MAXUS,12,12.200,1
01-10-2025,VINFAST,209,12.200,1
01-10-2025,GELLY,182,12.200,1
01-10-2025,VOLKSW AGEN,9,12.200,1
01-10-2025,HONDA,1,12.200,1
01-10-2025,GWM,97,12.200,1
01-10-2025,POLYTRON,112,12.200,1
01-10-2025,XPENG,100,12.200,1
01-11-2025,HYUNDAI HMID,328,12.200,1
01-11-2025,LEXUS,0,12.200,1
01-11-2025,NISSAN,0,12.200,1
01-11-2025,MINI,9,12.200,1
01-11-2025,WULING,1064,12.200,1
01-11-2025,TOYOTA,5,12.200,1
01-11-2025,MERCEDES-BENZ PC,4,12.200,1
01-11-2025,BMW,128,12.200,1
01-11-2025,KIA,0,12.200,1
01-11-2025,MORRIS GARAGE,25,12.200,1
01-11-2025,SERES,5,12.200,1
01-11-2025,NETA,61,12.200,1
01-11-2025,VOLVO CARS,14,12.200,1
01-11-2025,CHERY,360,12.200,1
01-11-2025,CITROEN,31,12.200,1
01-11-2025,BYD,9481,12.200,1
01-11-2025,AION,343,12.200,1
01-11-2025,DENZA,209,12.200,1
01-11-2025,MAXUS,15,12.200,1
01-11-2025,VINFAST,68,12.200,1
01-11-2025,GELLY,284,12.200,1
01-11-2025,VOLKSW AGEN,6,12.200,1
01-11-2025,HONDA,0,12.200,1
01-11-2025,GWM,21,12.200,1
01-11-2025,POLYTRON,80,12.200,1
01-11-2025,XPENG,133,12.200,1
01-11-2025,JAECOO,653,12.200,1
01-12-2025,HYUNDAI HMID,200,12.750,1
01-12-2025,LEXUS,0,12.750,1
01-12-2025,NISSAN,0,12.750,1
01-12-2025,MINI,19,12.750,1
01-12-2025,WULING,2184,12.750,1
01-12-2025,TOYOTA,3,12.750,1
01-12-2025,MERCEDES-BENZ PC,5,12.750,1
01-12-2025,BMW,143,12.750,1
01-12-2025,KIA,0,12.750,1
01-12-2025,MORRIS GARAGE,164,12.750,1
01-12-2025,SERES,11,12.750,1
01-12-2025,NETA,54,12.750,1
01-12-2025,VOLVO CARS,32,12.750,1
01-12-2025,CHERY,409,12.750,1
01-12-2025,CITROEN,313,12.750,1
01-12-2025,BYD,6560,12.750,1
01-12-2025,AION,1674,12.750,1
01-12-2025,DENZA,298,12.750,1
01-12-2025,MAXUS,115,12.750,1
01-12-2025,VINFAST,7768,12.750,1
01-12-2025,GELLY,312,12.750,1
01-12-2025,VOLKSW AGEN,9,12.750,1
01-12-2025,HONDA,0,12.750,1
01-12-2025,GWM,31,12.750,1
01-12-2025,POLYTRON,171,12.750,1
01-12-2025,XPENG,323,12.750,1
01-12-2025,JAECOO,1010,12.750,1
01-01-2026,HYUNDAI HMID,41,12.350,0
01-01-2026,LEXUS,0,12.350,0
01-01-2026,NISSAN,0,12.350,0
01-01-2026,MINI,9,12.350,0
01-01-2026,WULING,868,12.350,0
01-01-2026,TOYOTA,7,12.350,0
01-01-2026,MERCEDES-BENZ PC,5,12.350,0
01-01-2026,BMW,10,12.350,0
01-01-2026,KIA,0,12.350,0
01-01-2026,MORRIS GARAGE,116,12.350,0
01-01-2026,SERES,8,12.350,0
01-01-2026,NETA,25,12.350,0
01-01-2026,VOLVO CARS,1,12.350,0
01-01-2026,CHERY,242,12.350,0
01-01-2026,CITROEN,15,12.350,0
01-01-2026,BYD,4879,12.350,0
01-01-2026,AION,605,12.350,0
01-01-2026,DENZA,392,12.350,0
01-01-2026,MAXUS,0,12.350,0
01-01-2026,VINFAST,151,12.350,0
01-01-2026,GELLY,569,12.350,0
01-01-2026,VOLKSW AGEN,7,12.350,0
01-01-2026,HONDA,0,12.350,0
01-01-2026,GWM,32,12.350,0
01-01-2026,POLYTRON,80,12.350,0
01-01-2026,XPENG,172,12.350,0
01-01-2026,JAECOO,1942,12.350,0
01-02-2026,HYUNDAI HMID,228,11.800,0
01-02-2026,LEXUS,0,11.800,0
01-02-2026,NISSAN,0,11.800,0
01-02-2026,MINI,25,11.800,0
01-02-2026,WULING,1111,11.800,0
01-02-2026,TOYOTA,9,11.800,0
01-02-2026,MERCEDES-BENZ PC,4,11.800,0
01-02-2026,BMW,6,11.800,0
01-02-2026,KIA,0,11.800,0
01-02-2026,MORRIS GARAGE,97,11.800,0
01-02-2026,SERES,12,11.800,0
01-02-2026,NETA,47,11.800,0
01-02-2026,VOLVO CARS,1,11.800,0
01-02-2026,CHERY,179,11.800,0
01-02-2026,CITROEN,30,11.800,0
01-02-2026,BYD,4653,11.800,0
01-02-2026,AION,870,11.800,0
01-02-2026,DENZA,270,11.800,0
01-02-2026,MAXUS,0,11.800,0
01-02-2026,VINFAST,121,11.800,0
01-02-2026,GELLY,1111,11.800,0
01-02-2026,VOLKSW AGEN,16,11.800,0
01-02-2026,HONDA,2,11.800,0
01-02-2026,GWM,62,11.800,0
01-02-2026,POLYTRON,57,11.800,0
01-02-2026,XPENG,219,11.800,0
01-02-2026,JAECOO,2926,11.800,0
01-03-2026,HYUNDAI HMID,307,12.300,0
01-03-2026,LEXUS,0,12.300,0
01-03-2026,NISSAN,0,12.300,0
01-03-2026,MINI,15,12.300,0
01-03-2026,WULING,646,12.300,0
01-03-2026,TOYOTA,8,12.300,0
01-03-2026,MERCEDES-BENZ PC,5,12.300,0
01-03-2026,BMW,1,12.300,0
01-03-2026,KIA,0,12.300,0
01-03-2026,MORRIS GARAGE,169,12.300,0
01-03-2026,SERES,30,12.300,0
01-03-2026,NETA,0,12.300,0
01-03-2026,VOLVO CARS,1,12.300,0
01-03-2026,CHERY,258,12.300,0
01-03-2026,CITROEN,55,12.300,0
01-03-2026,BYD,2941,12.300,0
01-03-2026,AION,576,12.300,0
01-03-2026,DENZA,455,12.300,0
01-03-2026,MAXUS,55,12.300,0
01-03-2026,VINFAST,432,12.300,0
01-03-2026,GELLY,1133,12.300,0
01-03-2026,VOLKSW AGEN,17,12.300,0
01-03-2026,HONDA,0,12.300,0
01-03-2026,GWM,43,12.300,0
01-03-2026,POLYTRON,26,12.300,0
01-03-2026,XPENG,202,12.300,0
01-03-2026,JAECOO,2959,12.300,0
01-04-2026,HYUNDAI HMID,207,12.300,0
01-04-2026,LEXUS,0,12.300,0
01-04-2026,NISSAN,0,12.300,0
01-04-2026,MINI,34,12.300,0
01-04-2026,WULING,1087,12.300,0
01-04-2026,TOYOTA,8,12.300,0
01-04-2026,MERCEDES-BENZ PC,10,12.300,0
01-04-2026,BMW,7,12.300,0
01-04-2026,KIA,0,12.300,0
01-04-2026,MORRIS GARAGE,448,12.300,0
01-04-2026,SERES,42,12.300,0
01-04-2026,NETA,0,12.300,0
01-04-2026,VOLVO CARS,0,12.300,0
01-04-2026,CHERY,455,12.300,0
01-04-2026,CITROEN,52,12.300,0
01-04-2026,BYD,4625,12.300,0
01-04-2026,AION,831,12.300,0
01-04-2026,DENZA,1032,12.300,0
01-04-2026,MAXUS,44,12.300,0
01-04-2026,VINFAST,392,12.300,0
01-04-2026,GELLY,1703,12.300,0
01-04-2026,VOLKSW AGEN,10,12.300,0
01-04-2026,HONDA,41,12.300,0
01-04-2026,GWM,63,12.300,0
01-04-2026,POLYTRON,76,12.300,0
01-04-2026,XPENG,260,12.300,0
01-04-2026,JAECOO,3179,12.300,0
01-05-2026,HYUNDAI HMID,279,12.300,0
01-05-2026,LEXUS,0,12.300,0
01-05-2026,NISSAN,0,12.300,0
01-05-2026,MINI,18,12.300,0
01-05-2026,WULING,994,12.300,0
01-05-2026,TOYOTA,9,12.300,0
01-05-2026,MERCEDES-BENZ PC,6,12.300,0
01-05-2026,BMW,2,12.300,0
01-05-2026,KIA,0,12.300,0
01-05-2026,MORRIS GARAGE,519,12.300,0
01-05-2026,SERES,0,12.300,0
01-05-2026,NETA,1,12.300,0
01-05-2026,VOLVO CARS,0,12.300,0
01-05-2026,CHERY,282,12.300,0
01-05-2026,CITROEN,42,12.300,0
01-05-2026,BYD,895,12.300,0
01-05-2026,AION,353,12.300,0
01-05-2026,DENZA,210,12.300,0
01-05-2026,MAXUS,15,12.300,0
01-05-2026,VINFAST,260,12.300,0
01-05-2026,GELLY,1687,12.300,0
01-05-2026,VOLKSW AGEN,15,12.300,0
01-05-2026,HONDA,0,12.300,0
01-05-2026,GWM,83,12.300,0
01-05-2026,POLYTRON,105,12.300,0
01-05-2026,XPENG,284,12.300,0
01-05-2026,JAECOO,2895,12.300,0
01-06-2026,HYUNDAI HMID,99,16.250,0
01-06-2026,LEXUS,0,16.250,0
01-06-2026,NISSAN,0,16.250,0
01-06-2026,MINI,18,16.250,0
01-06-2026,WULING,1351,16.250,0
01-06-2026,TOYOTA,10,16.250,0
01-06-2026,MERCEDES-BENZ PC,5,16.250,0
01-06-2026,BMW,5,16.250,0
01-06-2026,KIA,0,16.250,0
01-06-2026,MORRIS GARAGE,549,16.250,0
01-06-2026,SERES,3,16.250,0
01-06-2026,NETA,11,16.250,0
01-06-2026,VOLVO CARS,3,16.250,0
01-06-2026,CHERY,216,16.250,0
01-06-2026,CITROEN,53,16.250,0
01-06-2026,BYD,3439,16.250,0
01-06-2026,AION,282,16.250,0
01-06-2026,DENZA,464,16.250,0
01-06-2026,MAXUS,18,16.250,0
01-06-2026,VINFAST,492,16.250,0
01-06-2026,GELLY,1966,16.250,0
01-06-2026,VOLKSW AGEN,15,16.250,0
01-06-2026,HONDA,11,16.250,0
01-06-2026,GWM,58,16.250,0
01-06-2026,POLYTRON,74,16.250,0
01-06-2026,XPENG,172,16.250,0
01-06-2026,JAECOO,3033,16.250,0
01-07-2026,HYUNDAI HMID,57,16.250,0
01-07-2026,LEXUS,0,16.250,0
01-07-2026,NISSAN,0,16.250,0
01-07-2026,MINI,12,16.250,0
01-07-2026,WULING,567,16.250,0
01-07-2026,TOYOTA,10,16.250,0
01-07-2026,MERCEDES-BENZ PC,3,16.250,0
01-07-2026,BMW,0,16.250,0
01-07-2026,KIA,0,16.250,0
01-07-2026,MORRIS GARAGE,592,16.250,0
01-07-2026,SERES,7,16.250,0
01-07-2026,NETA,0,16.250,0
01-07-2026,VOLVO CARS,2,16.250,0
01-07-2026,CHERY,234,16.250,0
01-07-2026,CITROEN,39,16.250,0
01-07-2026,BYD,5132,16.250,0
01-07-2026,AION,303,16.250,0
01-07-2026,DENZA,159,16.250,0
01-07-2026,MAXUS,14,16.250,0
01-07-2026,VINFAST,393,16.250,0
01-07-2026,GELLY,1925,16.250,0
01-07-2026,VOLKSW AGEN,6,16.250,0
01-07-2026,HONDA,0,16.250,0
01-07-2026,GWM,0,16.250,0
01-07-2026,POLYTRON,23,16.250,0
01-07-2026,XPENG,128,16.250,0
01-07-2026,JAECOO,3154,16.250,0
01-08-2026,HYUNDAI HMID,34,15.950,0
01-08-2026,LEXUS,0,15.950,0
01-08-2026,NISSAN,0,15.950,0
01-08-2026,MINI,42,15.950,0
01-08-2026,WULING,819,15.950,0
01-08-2026,TOYOTA,10,15.950,0
01-08-2026,MERCEDES-BENZ PC,3,15.950,0
01-08-2026,BMW,0,15.950,0
01-08-2026,KIA,0,15.950,0
01-08-2026,MORRIS GARAGE,395,15.950,0
01-08-2026,SERES,45,15.950,0
01-08-2026,NETA,0,15.950,0
01-08-2026,VOLVO CARS,7,15.950,0
01-08-2026,CHERY,189,15.950,0
01-08-2026,CITROEN,49,15.950,0
01-08-2026,BYD,6709,15.950,0
01-08-2026,AION,919,15.950,0
01-08-2026,DENZA,19,15.950,0
01-08-2026,MAXUS,15,15.950,0
01-08-2026,VINFAST,396,15.950,0
01-08-2026,GELLY,2082,15.950,0
01-08-2026,VOLKSW AGEN,20,15.950,0
01-08-2026,HONDA,1,15.950,0
01-08-2026,GWM,0,15.950,0
01-08-2026,POLYTRON,17,15.950,0
01-08-2026,XPENG,317,15.950,0
01-08-2026,JAECOO,3211,15.950,0